PRODUCT,PREDICTION,DISTANCE
5000000,1,1.4014579129595934
5000000,1,1.4014579129595934
5000000,1,1.4014579129595934
5000000,1,1.4014579129595934
5000000,1,1.4096321842482022
5000000,1,1.4096321842482022
5000000,1,1.4096321842482022
5000000,1,1.4096321842482022
5000000,1,1.4096321842482022
5000000,1,1.4096321842482022
5000000,1,1.4096321842482022
5000000,1,1.4096321842482022
5000000,1,1.4096321842482022
5000000,1,1.4096321842482022
5000000,1,1.4096321842482022
5000000,1,1.4096321842482022
5000000,1,1.4096321842482022
5000000,1,1.4096321842482022
5000000,1,1.4096321842482022
5000000,1,1.4096321842482022
5000000,1,1.4159601022860322
5000000,1,1.4159601022860322
5000000,1,1.4159601022860322
5000000,1,1.4159601022860322
5000000,1,1.4159601022860322
5000000,1,1.4159601022860322
5000000,1,1.4159601022860322
5000000,1,1.4159601022860322
5000000,1,1.4159601022860322
5000000,1,1.4159601022860322
5000000,1,1.4159601022860322
5000000,1,1.4159601022860322
5000000,1,1.4159601022860322
5000000,1,1.4159601022860322
5000000,1,1.4159601022860322
5000000,1,1.4159601022860322
5000000,1,1.4159601022860322
5000000,1,1.4160172560274762
5000000,1,1.4160172560274762
5000000,1,1.4160172560274762
5000000,1,1.4160172560274762
5000000,1,1.4160172560274762
5000000,1,1.4160172560274762
5000000,1,1.4160172560274762
5000000,1,1.4160172560274762
5000000,1,1.4160172560274762
5000000,1,1.4160172560274762
5000000,1,1.4160172560274762
5000000,1,1.4160172560274762
5000000,1,1.4165512947252619
5000000,1,1.4165512947252619
5000000,1,1.4168275564355866
5000000,1,1.4168275564355866
5000000,1,1.4170002378480824
5000000,1,1.4170002378480824
5000000,1,1.4170002378480824
5000000,1,1.4170002378480824
5000000,1,1.4170002378480824
5000000,1,1.4170002378480824
5000000,1,1.4170002378480824
5000000,1,1.4170002378480824
5000000,1,1.4170002378480824
5000000,1,1.4170002378480824
5000000,1,1.4170002378480824
5000000,1,1.4435450004894637
5000000,1,1.4435450004894637
5000000,1,1.4435450004894637
5000000,1,1.4435450004894637
5000000,1,1.4435450004894637
5000000,1,1.4435450004894637
5000000,1,1.4435450004894637
5000000,1,1.4435450004894637
5000000,1,1.4435450004894637
5000054,1,1.4550565860554638
5000043,1,1.4581814743600954
5000043,1,1.4581814743600954
5000043,1,1.4581814743600954
5000043,1,1.4581814743600954
5000043,1,1.4581814743600954
5000043,1,1.4581814743600954
5000043,1,1.4581814743600954
5000043,1,1.4581814743600954
5000043,1,1.4581814743600954
5000043,1,1.4581814743600954
5000043,1,1.4587197816183965
5000043,1,1.4587197816183965
5000043,1,1.4587197816183965
5000043,1,1.4587197816183965
5000043,1,1.4587197816183965
5000043,1,1.4587197816183965
5000043,1,1.4587197816183965
5000043,1,1.4587197816183965
5000043,1,1.4587197816183965
5000043,1,1.4587197816183965
5000043,1,1.4587197816183965
5000043,1,1.4587197816183965
5000043,1,1.4587197816183965
5000152,1,1.4604520705261625
5000152,1,1.4604520705261625
5000152,1,1.4604520705261625
5000152,1,1.4604520705261625
5000152,1,1.4604520705261625
5000152,1,1.4604520705261625
5000152,1,1.4604520705261625
5000152,1,1.4604520705261625
5000152,1,1.4605813723402918
5000152,1,1.4605813723402918
5000152,1,1.4605813723402918
5000152,1,1.4605813723402918
5000152,1,1.4605813723402918
5000152,1,1.4605813723402918
5000152,1,1.4605813723402918
5000152,1,1.4605813723402918
5000152,1,1.4605816361602806
5000152,1,1.4605816361602806
5000152,1,1.4605816361602806
5000152,1,1.4605816361602806
5000152,1,1.4606649026272494
5000152,1,1.4606965073269347
5000152,1,1.4606965073269347
5000152,1,1.4606965073269347
5000152,1,1.4606965073269347
5000152,1,1.4606965073269347
5000152,1,1.4606965073269347
5000152,1,1.4606965073269347
5000152,1,1.4606965073269347
5000152,1,1.4606965073269347
5000152,1,1.4606965073269347
5000054,1,1.4610296327981291
5000054,1,1.4610296327981291
5000054,1,1.4610296327981291
5000054,1,1.4610296327981291
5000054,1,1.4610296327981291
5000054,1,1.4610296327981291
5000054,1,1.4610296327981291
5000054,1,1.4610296327981291
5000054,1,1.4610296327981291
5000054,1,1.4610296327981291
5000152,1,1.4611744947633
5000152,1,1.4611744947633
5000152,1,1.4611744947633
5000152,1,1.4611744947633
5000152,1,1.4611744947633
5000152,1,1.4611744947633
5000152,1,1.461188770688151
5000152,1,1.461188770688151
5000152,1,1.461188770688151
5000152,1,1.461188770688151
5000152,1,1.461188770688151
5000152,1,1.461188770688151
5000152,1,1.461188770688151
5000054,1,1.4620016891818979
5000054,1,1.4620016891818979
5000054,1,1.4620016891818979
5000054,1,1.4620016891818979
5000054,1,1.4620016891818979
5000054,1,1.4620016891818979
5000054,1,1.463016754917145
5000043,1,1.463649608908309
5000043,1,1.463649608908309
5000054,1,1.466489401603575
5000043,1,1.4671690907681787
5000043,1,1.4676130078315464
5000043,1,1.4676130078315464
5000043,1,1.4676130078315464
5000043,1,1.4676130078315464
5000043,1,1.4676130078315464
5000043,1,1.4676130078315464
5000043,1,1.4676130078315464
5000043,1,1.4676130078315464
5000043,1,1.4676130078315464
5000043,1,1.4676130078315464
5000043,1,1.4676130078315464
5000043,1,1.4676130078315464
5000043,1,1.4676130078315464
5000043,1,1.4676130078315464
5000043,1,1.4676130078315464
5000043,1,1.4676130078315464
5000043,1,1.4676130078315464
5000054,1,1.4681891475359679
5000043,1,1.4683982621785245
5000043,1,1.4693627806343916
5000043,1,1.4693627806343916
5000043,1,1.4693627806343916
5000043,1,1.4693627806343916
5000043,1,1.4693627806343916
5000043,1,1.4693627806343916
5000043,1,1.4693627806343916
5000043,1,1.4693627806343916
5000043,1,1.4693627806343916
5000043,1,1.4693627806343916
5000043,1,1.4693627806343916
5000043,1,1.4693627806343916
5000043,1,1.4693627806343916
5000043,1,1.4725316736468201
5000043,1,1.4725316736468201
5000043,1,1.4725316736468201
5000043,1,1.4725316736468201
5000043,1,1.4725316736468201
5000043,1,1.4725316736468201
5000043,1,1.4725316736468201
5000043,1,1.4725316736468201
5000043,1,1.4725316736468201
5000043,1,1.4725316736468201
5000043,1,1.4725316736468201
5000043,1,1.4725316736468201
5000043,1,1.4725316736468201
5000043,1,1.4725316736468201
5000152,1,1.4734581503772313
5000152,1,1.4734581503772313
5000152,1,1.4734581503772313
5000152,1,1.4734581503772313
5000152,1,1.4734581503772313
5000152,1,1.4734581503772313
5000152,1,1.4734581503772313
5000152,1,1.4734581503772313
5000152,1,1.4734581503772313
5000152,1,1.4734581503772313
5000152,1,1.473507626375322
5000152,1,1.473507626375322
5000152,1,1.473507626375322
5000152,1,1.473507626375322
5000152,1,1.473507626375322
5000152,1,1.473507626375322
5000043,1,1.4736007077237634
5000043,1,1.4736007077237634
5000043,1,1.4736007077237634
5000043,1,1.4736007077237634
5000043,1,1.4736007077237634
5000043,1,1.4736007077237634
5000043,1,1.4736007077237634
5000043,1,1.4736007077237634
5000043,1,1.4736007077237634
5000043,1,1.4736007077237634
5000043,1,1.4736007077237634
5000043,1,1.4736007077237634
5000043,1,1.4736007077237634
5000152,1,1.4741435855543197
5000043,1,1.474335376784484
5000043,1,1.474335376784484
5000043,1,1.4743355047861575
5000043,1,1.4743355047861575
5000043,1,1.4743355047861575
5000043,1,1.4743355047861575
5000043,1,1.4743355047861575
5000043,1,1.4743355047861575
5000043,1,1.4743355047861575
5000043,1,1.4743813082146549
5000043,1,1.4743813082146549
5000043,1,1.4762089439319208
5000043,1,1.4762089439319208
5000043,1,1.4762089439319208
5000043,1,1.4762089439319208
5000043,1,1.4762089439319208
5000043,1,1.4762089439319208
5000043,1,1.4762089439319208
5000043,1,1.4762089439319208
5000043,1,1.4762089439319208
5000043,1,1.4762089439319208
5000043,1,1.4762089439319208
5000043,1,1.4762089439319208
5000043,1,1.4762089439319208
5000043,1,1.4781390524180342
5000043,1,1.4783316787842251
5000043,1,1.4783495871329058
5000043,1,1.4783495871329058
5000043,1,1.4783495871329058
5000043,1,1.4783495871329058
5000043,1,1.4783495871329058
5000043,1,1.4783916589153892
5000043,1,1.4788960670269808
5000054,1,1.4789556655822502
5000152,1,1.4795442337878082
5000152,1,1.4798476371233695
5000152,1,1.4798476371233695
5000152,1,1.4798476371233695
5000152,1,1.4798476371233695
5000152,1,1.4798476371233695
5000152,1,1.4798476371233695
5000152,1,1.4798476371233695
5000152,1,1.4798476371233695
5000152,1,1.4798489068740557
5000152,1,1.4798489068740557
5000152,1,1.4798489068740557
5000152,1,1.4798489068740557
5000152,1,1.4798489068740557
5000152,1,1.4798489068740557
5000152,1,1.4798489068740557
5000152,1,1.4798508252986387
5000152,1,1.4798508252986387
5000152,1,1.4798508252986387
5000152,1,1.4798508252986387
5000152,1,1.4798508252986387
5000152,1,1.4798516119445744
5000152,1,1.4798516119445744
5000152,1,1.4798516119445744
5000152,1,1.4798516119445744
5000152,1,1.4798516119445744
5000152,1,1.4798516119445744
5000152,1,1.4798516119445744
5000152,1,1.4798516119445744
5000152,1,1.4798516119445744
5000152,1,1.4798516119445744
5000152,1,1.4798516119445744
5000152,1,1.4798516119445744
5000152,1,1.4798516119445744
5000152,1,1.4798516119445744
5000152,1,1.4798516119445744
5000152,1,1.4798516119445744
5000152,1,1.479853537656639
5000152,1,1.479853537656639
5000152,1,1.479853537656639
5000152,1,1.479853537656639
5000152,1,1.479853537656639
5000152,1,1.479853537656639
5000152,1,1.479853537656639
5000152,1,1.479853537656639
5000152,1,1.479853537656639
5000152,1,1.4798536597548977
5000152,1,1.4798536597548977
5000152,1,1.4798536597548977
5000152,1,1.4798536597548977
5000152,1,1.4798536597548977
5000152,1,1.4798536597548977
5000152,1,1.4798540878831277
5000152,1,1.4798540878831277
5000152,1,1.4798540878831277
5000152,1,1.4798540878831277
5000152,1,1.4798540878831277
5000152,1,1.4798540878831277
5000152,1,1.4798540878831277
5000152,1,1.4798540878831277
5000152,1,1.479862942836438
5000152,1,1.479862942836438
5000152,1,1.479862942836438
5000152,1,1.479862942836438
5000152,1,1.479862942836438
5000152,1,1.479862942836438
5000152,1,1.479862942836438
5000152,1,1.479862942836438
5000152,1,1.4798824686351355
5000152,1,1.4798824686351355
5000152,1,1.4798824686351355
5000152,1,1.4798824686351355
5000152,1,1.4798824686351355
5000152,1,1.4798899699827697
5000152,1,1.4798950136331142
5000152,1,1.4798950136331142
5000152,1,1.4798950136331142
5000152,1,1.4798950136331142
5000152,1,1.4798950136331142
5000152,1,1.4798950136331142
5000152,1,1.4798950136331142
5000152,1,1.4798950136331142
5000152,1,1.4798950136331142
5000152,1,1.4798950136331142
5000152,1,1.4798950136331142
5000152,1,1.4798950136331142
5000152,1,1.4798950136331142
5000152,1,1.4798950136331142
5000152,1,1.4798950136331142
5000152,1,1.4798959065472599
5000152,1,1.4798959065472599
5000152,1,1.4798959065472599
5000152,1,1.4798959065472599
5000152,1,1.4798959065472599
5000152,1,1.4798959065472599
5000152,1,1.4798959065472599
5000152,1,1.4798959065472599
5000054,1,1.4800136673945443
5000054,1,1.4800136673945443
5000054,1,1.4800136673945443
5000054,1,1.4800136673945443
5000054,1,1.4800136673945443
5000054,1,1.4800136673945443
5000054,1,1.4800136673945443
5000152,1,1.4813366095848168
5000152,1,1.4813366095848168
5000152,1,1.4813366095848168
5000152,1,1.4813366095848168
5000152,1,1.4813366095848168
5000152,1,1.4813366095848168
5000152,1,1.4813366095848168
5000152,1,1.4813366095848168
5000152,1,1.4813366095848168
5000152,1,1.4813366095848168
5000152,1,1.4813366095848168
5000152,1,1.4813366095848168
5000152,1,1.4813366095848168
5000152,1,1.4813366095848168
5000152,1,1.4813366095848168
5000152,1,1.4813366095848168
5000152,1,1.4814275693568397
5000152,1,1.4814275693568397
5000152,1,1.4814275693568397
5000152,1,1.4814275693568397
5000152,1,1.4814275693568397
5000152,1,1.4814275693568397
5000152,1,1.4814275693568397
5000054,1,1.4821861195222386
5000054,1,1.4821861195222386
5000054,1,1.4821861195222386
5000054,1,1.4821861195222386
5000054,1,1.4821861195222386
5000054,1,1.4821861195222386
5000054,1,1.4821861195222386
5000054,1,1.4821861195222386
5000054,1,1.4821861195222386
5000054,1,1.4821861195222386
5000054,1,1.4821932335045067
5000054,1,1.4821932335045067
5000054,1,1.4821932335045067
5000054,1,1.4821932335045067
5000054,1,1.4821932335045067
5000054,1,1.4821932335045067
5000054,1,1.4821932335045067
5000054,1,1.4821932335045067
5000054,1,1.4821932335045067
5000054,1,1.4821932335045067
5000054,1,1.4821932335045067
5000054,1,1.4822326520745566
5000054,1,1.4822326520745566
5000054,1,1.4822326520745566
5000054,1,1.4822326520745566
5000054,1,1.4822326520745566
5000054,1,1.4822326520745566
5000054,1,1.4822326520745566
5000054,1,1.4822326520745566
5000054,1,1.4822326520745566
5000054,1,1.4822326520745566
5000021,1,1.4903505879124428
5000021,1,1.4903505879124428
5000021,1,1.4903505879124428
5000021,1,1.4903505879124428
5000021,1,1.4903505879124428
5000021,1,1.4903505879124428
5000021,1,1.4903505879124428
5000021,1,1.4903505879124428
5000021,1,1.4903505879124428
5000021,1,1.4903505879124428
5000021,1,1.4903505879124428
5000021,1,1.4903505879124428
5000021,1,1.4907476507405715
5000021,1,1.4907476507405715
5000021,1,1.4907476507405715
5000021,1,1.4907476507405715
5000021,1,1.4907476507405715
5000021,1,1.4907476507405715
5000021,1,1.4907476507405715
5000021,1,1.4907476507405715
5000021,1,1.4907476507405715
5000021,1,1.4907476507405715
5000021,1,1.4907476507405715
5000021,1,1.4907476507405715
5000021,1,1.4907476507405715
5000021,1,1.4907476507405715
5000021,1,1.4907476507405715
5000021,1,1.4907476507405715
5000021,1,1.4907476507405715
5000021,1,1.4907476507405715
5000021,1,1.4907476507405715
5000021,1,1.4907476507405715
5000021,1,1.4907476507405715
5000021,1,1.4907476507405715
5000021,1,1.4907476507405715
5000021,1,1.4907476507405715
5000021,1,1.4907476507405715
5000021,1,1.4907476507405715
5000021,1,1.4907476507405715
5000021,1,1.4907476507405715
5000021,1,1.4907476507405715
5000021,1,1.4907476507405715
5000021,1,1.4907476507405715
5000021,1,1.4907476507405715
5000021,1,1.4907635689849064
5000021,1,1.4907635689849064
5000021,1,1.4907635689849064
5000004,1,1.5070209615043244
5000004,1,1.5070209615043244
5000004,1,1.5070209615043244
5000004,1,1.5070209615043244
5000004,1,1.5070209615043244
5000004,1,1.5070209615043244
5000004,1,1.5070209615043244
5000004,1,1.5070209615043244
5000001,1,1.5100456691378397
5000001,1,1.5100456691378397
5000001,1,1.5100456691378397
5000001,1,1.5100456691378397
5000001,1,1.5100456691378397
5000001,1,1.5100456691378397
5000001,1,1.5100456691378397
5000001,1,1.5100456691378397
5000001,1,1.5100456691378397
5000001,1,1.5100456691378397
5000001,1,1.5100456691378397
5000001,1,1.5100456691378397
5000001,1,1.5100456691378397
5000001,1,1.5100456691378397
5000001,1,1.5100456691378397
5000004,1,1.5103224353568143
5000004,1,1.5103224353568143
5000004,1,1.5103224353568143
5000004,1,1.5103224353568143
5000004,1,1.5103224353568143
5000004,1,1.5103224353568143
5000004,1,1.5103224353568143
5000004,1,1.5104237564031895
5000004,1,1.5104390454878929
5000004,1,1.5104390454878929
5000004,1,1.5104390454878929
5000004,1,1.5104390454878929
5000004,1,1.5104390454878929
5000004,1,1.5104390454878929
5000004,1,1.5105718439537565
5000004,1,1.5105718439537565
5000004,1,1.5105718439537565
5000004,1,1.5105718439537565
5000004,1,1.5105718439537565
5000004,1,1.5105718439537565
5000004,1,1.5105718439537565
5000042,1,1.5111023751528811
5000042,1,1.5111023751528811
5000042,1,1.5111023751528811
5000042,1,1.5111023751528811
5000042,1,1.5111023751528811
5000042,1,1.5111023751528811
5000042,1,1.5111023751528811
5000042,1,1.5111023751528811
5000042,1,1.5111023751528811
5000042,1,1.5111023751528811
5000042,1,1.5111023751528811
5000042,1,1.5111023751528811
5000042,1,1.5111023751528811
5000042,1,1.5111023751528811
5000042,1,1.5111023751528811
5000042,1,1.5111023751528811
5000042,1,1.5111023751528811
5000042,1,1.5111023751528811
5000042,1,1.5111023751528811
5000042,1,1.5111023751528811
5000042,1,1.5111023751528811
5000042,1,1.5111023751528811
5000042,1,1.5111023751528811
5000042,1,1.5111023751528811
5000042,1,1.5111023751528811
5000042,1,1.5111023751528811
5000042,1,1.5111023751528811
5000042,1,1.5111023751528811
5000042,1,1.5111023751528811
5000042,1,1.5111023751528811
5000042,1,1.5111023751528811
5000004,1,1.5120690520759146
5000056,1,1.5128758444283361
5000056,1,1.5128758444283361
5000056,1,1.5128758444283361
5000056,1,1.5128758444283361
5000056,1,1.5128758444283361
5000056,1,1.5128758444283361
5000056,1,1.5128758444283361
5000056,1,1.5128758444283361
5000056,1,1.5128758444283361
5000056,1,1.5128758444283361
5000040,1,1.5131601708367426
5000040,1,1.5131601708367426
5000040,1,1.5131601708367426
5000040,1,1.5131601708367426
5000040,1,1.5131601708367426
5000040,1,1.5131601708367426
5000040,1,1.5131601708367426
5000040,1,1.5131601708367426
5000040,1,1.5131601708367426
5000040,1,1.5131601708367426
5000040,1,1.5131601708367426
5000040,1,1.5131601708367426
5000040,1,1.5131601708367426
5000040,1,1.5131601708367426
5000040,1,1.5131601708367426
5000040,1,1.5131601708367426
5000040,1,1.5131601708367426
5000040,1,1.5131601708367426
5000040,1,1.5131601708367426
5000040,1,1.5131601708367426
5000040,1,1.5131601708367426
5000040,1,1.5131601708367426
5000040,1,1.5131601708367426
5000040,1,1.5131601708367426
5000001,1,1.5132247411186577
5000001,1,1.5132247411186577
5000001,1,1.5132247411186577
5000001,1,1.5132247411186577
5000001,1,1.5132247411186577
5000001,1,1.5132247411186577
5000001,1,1.5132247411186577
5000001,1,1.5132247411186577
5000001,1,1.5132247411186577
5000001,1,1.5132247411186577
5000001,1,1.5132247411186577
5000040,1,1.5138175213437846
5000040,1,1.5138175213437846
5000040,1,1.5140064073499333
5000040,1,1.5140064073499333
5000040,1,1.5140064073499333
5000040,1,1.5140064073499333
5000001,1,1.5154945151027768
5000001,1,1.5154945151027768
5000001,1,1.5154945151027768
5000001,1,1.5154945151027768
5000001,1,1.5154945151027768
5000001,1,1.5154945151027768
5000001,1,1.5154945151027768
5000001,1,1.5154945151027768
5000000,1,1.5161897364453667
5000000,1,1.5161897364453667
5000000,1,1.5161897364453667
5000000,1,1.5161897364453667
5000000,1,1.5161897364453667
5000000,1,1.5161897364453667
5000000,1,1.5161897364453667
5000000,1,1.5161897364453667
5000000,1,1.5161897364453667
5000000,1,1.5161897364453667
5000000,1,1.5161897364453667
5000000,1,1.5161897364453667
5000000,1,1.5161897364453667
5000000,1,1.5161897364453667
5000000,1,1.5161897364453667
5000000,1,1.5161897364453667
5000000,1,1.5161897364453667
5000004,1,1.5166243082778934
5000004,1,1.5166243082778934
5000042,1,1.5174856621444
5000042,1,1.5174856621444
5000042,1,1.5174856621444
5000042,1,1.5174856621444
5000042,1,1.5174856621444
5000042,1,1.5174856621444
5000042,1,1.5174856621444
5000042,1,1.5174856621444
5000042,1,1.5174856621444
5000042,1,1.5174856621444
5000042,1,1.5174856621444
5000040,1,1.5183120139057935
5000040,1,1.5183120139057935
5000040,1,1.5183120139057935
5000040,1,1.5183120139057935
5000040,1,1.5183148923520473
5000040,1,1.5183290546238617
5000040,1,1.5183290573699875
5000040,1,1.5183290573699875
5000040,1,1.5183323585115978
5000056,1,1.5221820441745775
5000056,1,1.5221820441745775
5000056,1,1.5221820441745775
5000056,1,1.5221820441745775
5000056,1,1.5221820441745775
5000056,1,1.5221820441745775
5000056,1,1.5221820441745775
5000056,1,1.5221820441745775
5000056,1,1.5221820441745775
5000040,1,1.5232723835014894
5000242,1,1.53238877592103
5000242,1,1.53238877592103
5000242,1,1.53238877592103
5000242,1,1.53238877592103
5000242,1,1.53238877592103
5000242,1,1.53238877592103
5000242,1,1.53238877592103
5000242,1,1.53238877592103
5000242,1,1.53238877592103
5000242,1,1.53238877592103
5000242,1,1.53238877592103
5000242,1,1.53238877592103
5000242,1,1.5331317052224092
5000010,1,1.5368423087259588
5000010,1,1.5368423087259588
5000004,1,1.5373061397053756
5000004,1,1.5373061397053756
5000004,1,1.5373061399899945
5000010,1,1.5380607582065782
5000010,1,1.5380607582065782
5000010,1,1.5380607582065782
5000010,1,1.5380607582065782
5000010,1,1.5380607582065782
5000010,1,1.5380607582065782
5000004,1,1.5381178697660272
5000012,1,1.5382041624136336
5000004,1,1.5382162855576298
5000012,1,1.5384886788256718
5000012,1,1.538495888687598
5000012,1,1.5391096188549673
5000012,1,1.5417957163521405
5000016,1,1.5419743557422585
5000016,1,1.5419743557422585
5000016,1,1.5419743557422585
5000016,1,1.5419743557422585
5000016,1,1.5419743557422585
5000016,1,1.5419743557422585
5000016,1,1.5419743557422585
5000012,1,1.5438081038275486
5000012,1,1.5449654599121234
5000057,1,1.5455913879140657
5000020,1,1.5467157946192565
5000020,1,1.5472119841512781
5000043,1,1.5478091248621098
5000043,1,1.5478091248621098
5000043,1,1.5478091248621098
5000043,1,1.5478091248621098
5000043,1,1.5478091248621098
5000043,1,1.5478091248621098
5000043,1,1.5478091248621098
5000043,1,1.5478091248621098
5000043,1,1.5478091248621098
5000043,1,1.5478091248621098
5000043,1,1.5478091248621098
5000043,1,1.5478091248621098
5000051,1,1.5484384798934194
5000051,1,1.5484384798934194
5000051,1,1.5484384798934194
5000051,1,1.5484384798934194
5000051,1,1.5484384798934194
5000051,1,1.5484384798934194
5000051,1,1.5484384798934194
5000051,1,1.5484384798934194
5000051,1,1.5484384798934194
5000051,1,1.5484384798934194
5000051,1,1.5484384798934194
5000051,1,1.5484384798934194
5000051,1,1.5484384798934194
5000051,1,1.5484384798934194
5000051,1,1.5484384798934194
5000051,1,1.5484384798934194
5000051,1,1.5484384798934194
5000051,1,1.5484384798934194
5000040,1,1.5484850781584047
5000040,1,1.5496356482692109
5000004,1,1.5549881543574566
5000022,1,1.5558772872735172
5000022,1,1.5558777239872068
5000022,1,1.5558777239872068
5000022,1,1.5558777239872068
5000022,1,1.5558777239872068
5000022,1,1.5558777239872068
5000022,1,1.5558777239872068
5000022,1,1.5558777239872068
5000022,1,1.5558777239872068
5000022,1,1.5558777239872068
5000022,1,1.5558777239872068
5000022,1,1.5558777239872068
5000022,1,1.5558777239872068
5000022,1,1.5558777239872068
5000022,1,1.5558777239872068
5000022,1,1.5558777239872068
5000022,1,1.5558777239872068
5000022,1,1.5558777239872068
5000022,1,1.5558777239872068
5000022,1,1.5558777239872068
5000022,1,1.5558777239872068
5000022,1,1.5558777239872068
5000022,1,1.5558777239872068
5000022,1,1.5558777239872068
5000022,1,1.556533876552567
5000022,1,1.556533876552567
5000022,1,1.556533876552567
5000022,1,1.556533876552567
5000022,1,1.556533876552567
5000022,1,1.556533876552567
5000022,1,1.556533876552567
5000022,1,1.5565394639683552
5000022,1,1.5565394639683552
5000022,1,1.5565394639683552
5000022,1,1.5565394639683552
5000022,1,1.5565394639683552
5000022,1,1.5565394639683552
5000022,1,1.5565394639683552
5000022,1,1.5565394639683552
5000022,1,1.5565394639683552
5000022,1,1.5565394639683552
5000022,1,1.5565394639683552
5000022,1,1.5565394639683552
5000022,1,1.5565394639683552
5000061,1,1.5642082702693627
5000061,1,1.5643422618025817
5000012,1,1.5650964447748703
5000045,1,1.5668287353210535
5000045,1,1.5668287353210535
5000045,1,1.5668287353210535
5000045,1,1.5668287353210535
5000045,1,1.5668287353210535
5000045,1,1.5668287353210535
5000045,1,1.5668287353210535
5000045,1,1.5668287353210535
5000045,1,1.5668287353210535
5000045,1,1.5668287353210535
5000045,1,1.5668287353210535
5000045,1,1.5668287353210535
5000045,1,1.5668287353210535
5000045,1,1.5668287353210535
5000045,1,1.5668287353210535
5000045,1,1.5668287353210535
5000045,1,1.5668287353210535
5000045,1,1.5668287353210535
5000045,1,1.5668287353210535
5000045,1,1.5668287353210535
5000045,1,1.5668287353210535
5000045,1,1.5668287353210535
5000045,1,1.5668287353210535
5000049,1,1.5671888074817473
5000049,1,1.5671888074817473
5000012,1,1.5682785404487425
5001000,1,1.5733343582983665
5001000,1,1.5733343582983665
5001000,1,1.5733343582983665
5001000,1,1.5733343582983665
5001000,1,1.5733343582983665
5001000,1,1.5733343582983665
5001000,1,1.5733343582983665
5001000,1,1.5733343582983665
5001000,1,1.5733343582983665
5001000,1,1.5733343582983665
5001000,1,1.5733343582983665
5001000,1,1.5733343582983665
5001000,1,1.5733343582983665
5001000,1,1.5733343582983665
5001000,1,1.5733343582983665
5000053,1,1.5738843985729891
5000053,1,1.5738843985729891
5000053,1,1.5738843985729891
5000053,1,1.5738843985729891
5000053,1,1.5738843985729891
5000053,1,1.5738843985729891
5000053,1,1.5738843985729891
5000053,1,1.5738843985729891
5000000,1,1.5844537838939472
5000000,1,1.5844537838939472
5000000,1,1.5844537838939472
5000000,1,1.5844537838939472
5000000,1,1.5844537838939472
5000000,1,1.5844537838939472
5000000,1,1.5844537838939472
5000000,1,1.5844537838939472
5000000,1,1.5847429827871065
5000000,1,1.5847429827871065
5000000,1,1.5847429827871065
5000000,1,1.5847429827871065
5000000,1,1.5847429827871065
5000000,1,1.5847429827871065
5000000,1,1.5847429827871065
5000000,1,1.5847429827871065
5000000,1,1.5882529612945504
5000000,1,1.5882529612945504
5000000,1,1.5882529612945504
5000000,1,1.5882529612945504
5000000,1,1.5882529612945504
5000000,1,1.5882529612945504
5000000,1,1.5882529612945504
5000000,1,1.5882529612945504
5000000,1,1.5882650681252901
5000000,1,1.5882650681252901
5000000,1,1.5882650681252901
5000000,1,1.5882650681252901
5000000,1,1.5882650681252901
5000000,1,1.5882650681252901
5000000,1,1.5882650681252901
5000000,1,1.5882650681252901
5000000,1,1.5882713185892092
5000000,1,1.5882713185892092
5000000,1,1.5882713185892092
5000000,1,1.5882713185892092
5000000,1,1.5882713185892092
5000000,1,1.5882713185892092
5000000,1,1.5882713185892092
5000000,1,1.5882713185892092
5000000,1,1.5882713185892092
5000156,1,1.5897624123450402
5000054,1,1.5904122268054743
5000054,1,1.5904122268054743
5000054,1,1.5904122268054743
5000054,1,1.5904122268054743
5000006,1,1.6080603140068372
5000006,1,1.6080603140068372
5000006,1,1.6080603140068372
5000006,1,1.6080603140068372
5000006,1,1.6080603140068372
5000006,1,1.6080603140068372
5000006,1,1.6080603140068372
5000000,1,1.6344940020212215
5000000,1,1.6344940020212215
5000000,1,1.6344940020212215
5000000,1,1.6344940020212215
5000000,1,1.6344940020212215
5000000,1,1.6344940020212215
5000000,1,1.6344940020212215
5000000,1,1.6344940020212215
5000400,1,1.6532668176204468
5000400,1,1.6532668176204468
5000400,1,1.6532668176204468
5000400,1,1.6532668176204468
5000400,1,1.6532668176204468
5000400,1,1.6532668176204468
5000400,1,1.6532668176204468
5000400,1,1.6532668176204468
5000400,1,1.6532668176204468
5000400,1,1.6532668176204468
5000141,1,1.6637831082190075
5000054,1,1.6758971653368002
5000000,1,1.7318260025443841
5000000,1,1.7318260025443841
5000000,1,1.7318260025443841
5000000,1,1.7318260025443841
5000000,1,1.7318260025443841
5000000,1,1.7318260025443841
5000000,1,1.7318260025443841
5000000,1,1.7318260025443841
5000000,1,1.7318260025443841
5000000,1,1.7318260025443841
5000000,1,1.7331233468992682
5000000,1,1.7331233468992682
5000000,1,1.7331233468992682
5000000,1,1.7331233468992682
5000000,1,1.7331233468992682
5000000,1,1.7331233468992682
5000000,1,1.7331233468992682
5000000,1,1.7331233468992682
5000000,1,1.7331233468992682
5000000,1,1.7331233468992682
5000000,1,1.7331233468992682
5000000,1,1.7331233468992682
5000000,1,1.7331233468992682
5000000,1,1.7331233468992682
5000000,1,1.7331233468992682
5000043,1,1.764115534431627
5000043,1,1.770689553034865
5000043,1,1.770689553034865
5000043,1,1.770689553034865
5000043,1,1.770689553034865
5000043,1,1.770689553034865
5000043,1,1.770689553034865
5000043,1,1.770689553034865
5000043,1,1.770689553034865
5000043,1,1.770689553034865
5000043,1,1.770689553034865
5000043,1,1.770689553034865
5000043,1,1.770689553034865
5000043,1,1.770689553034865
5000043,1,1.770689553034865
5000043,1,1.770689553034865
5000040,1,1.7729286433780962
5000054,1,1.7775805926719908
5000043,1,1.7814688615005487
5000043,1,1.7814688615005487
5000043,1,1.7814688615005487
5000043,1,1.7814688615005487
5000043,1,1.7814688615005487
5000043,1,1.7814688615005487
5000043,1,1.7814688615005487
5000043,1,1.7814688615005487
5000043,1,1.7814688615005487
5000043,1,1.7814688615005487
5000043,1,1.7814688615005487
5000043,1,1.7814688615005487
5000043,1,1.7814688615005487
5000043,1,1.7814688615005487
5000043,1,1.7814688615005487
5000043,1,1.7814688615005487
5000043,1,1.7814688615005487
5000043,1,1.7814688615005487
5000054,1,1.7849966715743304
5000054,1,1.7849966715743304
5000054,1,1.7849966715743304
5000054,1,1.7849966715743304
5000054,1,1.7849966715743304
5000054,1,1.7849966715743304
5000054,1,1.7849966715743304
5000054,1,1.7849966715743304
5000054,1,1.7849966715743304
5000054,1,1.7849966715743304
5000054,1,1.7849966715743304
5000054,1,1.7849966715743304
5000054,1,1.7849966715743304
5000054,1,1.7849966715743304
5000054,1,1.7849966715743304
5000054,1,1.7849966715743304
5000054,1,1.7849966715743304
5000054,1,1.7849966715743304
5000054,1,1.7849966715743304
5000054,1,1.7849966715743304
5000054,1,1.7866663513463468
5000054,1,1.7866663513463468
5000054,1,1.7866663513463468
5000054,1,1.7866663513463468
5000054,1,1.7866663513463468
5000054,1,1.7866663513463468
5000054,1,1.7866663513463468
5000054,1,1.7866663513463468
5000054,1,1.7866663513463468
5000054,1,1.7866663513463468
5000054,1,1.7866663513463468
5000054,1,1.7866663513463468
5000054,1,1.7866663513463468
5000054,1,1.7866663513463468
5000021,1,1.8061207532761512
5000021,1,1.8061207532761512
5000021,1,1.8061207532761512
5000021,1,1.8061207532761512
5000021,1,1.8061207532761512
5000021,1,1.8061207532761512
5000021,1,1.8061207532761512
5000021,1,1.8061207532761512
5000061,1,1.8064169149568672
5000061,1,1.8064169149568672
5000061,1,1.8064169149568672
5000061,1,1.8064169149568672
5000061,1,1.8064169149568672
5000061,1,1.8064169149568672
5000061,1,1.8064169149568672
5000061,1,1.8064169149568672
5000061,1,1.8064169149568672
5000061,1,1.8064169149568672
5000061,1,1.8064169149568672
5000061,1,1.8064169149568672
5000061,1,1.8064169149568672
5000061,1,1.8064169149568672
5000043,1,1.8099201404911092
5000043,1,1.8099201404911092
5000054,1,1.8164921063900241
5000054,1,1.8164921063900241
5000054,1,1.8164921063900241
5000054,1,1.8164921063900241
5000054,1,1.8164921063900241
5000054,1,1.8164921063900241
5000054,1,1.8164921063900241
5000054,1,1.8194366914595874
5000054,1,1.8194395876716294
5000054,1,1.8194395876716294
5000056,1,1.821718153222679
5000056,1,1.821718153222679
5000056,1,1.821718153222679
5000056,1,1.821718153222679
5000056,1,1.821718153222679
5000056,1,1.821718153222679
5000056,1,1.821718153222679
5000056,1,1.821718153222679
5000056,1,1.821718153222679
5000056,1,1.821718153222679
5000027,1,1.827086475326547
5000027,1,1.8270868019574549
5000054,1,1.8277943153237786
5000054,1,1.8277943153237786
5000054,1,1.8277943153237786
5000054,1,1.8277943153237786
5000054,1,1.8277943153237786
5000054,1,1.8277943153237786
5000054,1,1.8277943153237786
5000054,1,1.8277943153237786
5000153,1,1.833748180904464
5000153,1,1.833748180904464
5000153,1,1.833748180904464
5000153,1,1.833748180904464
5000153,1,1.833748180904464
5000153,1,1.833748180904464
5000153,1,1.833748180904464
5000153,1,1.833748180904464
5000153,1,1.833748180904464
5000153,1,1.833748180904464
5000153,1,1.833748180904464
5000153,1,1.833748180904464
5000153,1,1.833748180904464
5000153,1,1.833748180904464
5000153,1,1.833748180904464
5000153,1,1.833748180904464
5000153,1,1.833748180904464
5000153,1,1.833748180904464
5000153,1,1.833748180904464
5000153,1,1.833748180904464
5000153,1,1.833748180904464
5000153,1,1.833748180904464
5000153,1,1.833748180904464
5000153,1,1.833748180904464
5000153,1,1.833748180904464
5000061,1,1.8356568776036297
5000061,1,1.8356568776036297
5000061,1,1.8356568776036297
5000061,1,1.8356568776036297
5000061,1,1.8356568776036297
5000061,1,1.8356568776036297
5000061,1,1.8356568776036297
5000061,1,1.8356568776036297
5000061,1,1.8356568776036297
5000061,1,1.8356568776036297
5000061,1,1.8356568776036297
5000153,1,1.837344845447675
5000153,1,1.837344845447675
5000153,1,1.837344845447675
5000153,1,1.837344845447675
5000153,1,1.837344845447675
5000153,1,1.837344845447675
5000153,1,1.837344845447675
5000153,1,1.837344845447675
5000153,1,1.837344845447675
5000153,1,1.837344845447675
5000153,1,1.837344845447675
5000007,1,1.8421875406589405
5000007,1,1.8421875406589405
5000007,1,1.8421875406589405
5000007,1,1.8421875406589405
5000007,1,1.8421875406589405
5000007,1,1.8421875406589405
5000007,1,1.8421875406589405
5000007,1,1.8421875406589405
5000007,1,1.8421875406589405
5000007,1,1.8421875406589405
5000007,1,1.8421875406589405
5000007,1,1.8421875406589405
5000007,1,1.8421875406589405
5000051,1,1.8423513707292725
5000051,1,1.8423513707292725
5000051,1,1.8423513707292725
5000051,1,1.8423513707292725
5000051,1,1.8423513707292725
5000051,1,1.8423513707292725
5000051,1,1.8432318505433989
5000051,1,1.8432318505433989
5000051,1,1.8432318505433989
5000051,1,1.8432318505433989
5000051,1,1.8432318505433989
5000051,1,1.8432318505433989
5000051,1,1.8432318505433989
5000051,1,1.8432318505433989
5000051,1,1.8432318505433989
5000051,1,1.8432318505433989
5000051,1,1.8432318505433989
5000051,1,1.8432318505433989
5000051,1,1.8432318505433989
5000051,1,1.8432318505433989
5000051,1,1.8432318505433989
5000051,1,1.8432318505433989
5000051,1,1.8432318505433989
5000010,1,1.8436628507022208
5000010,1,1.8436628507022208
5000051,1,1.8437023143337055
5000051,1,1.8437023143337055
5000051,1,1.8437023143337055
5000051,1,1.8437023143337055
5000051,1,1.8437023143337055
5000051,1,1.8437023143337055
5000051,1,1.8437023143337055
5000051,1,1.8437023143337055
5000051,1,1.8437023143337055
5000051,1,1.8437023143337055
5000051,1,1.8437023143337055
5000051,1,1.8437023143337055
5000051,1,1.8437023143337055
5000051,1,1.8437023143337055
5000051,1,1.8437023143337055
5000051,1,1.8437023143337055
5000051,1,1.8437023143337055
5000051,1,1.8437023143337055
5000051,1,1.8437023143337055
5000128,1,1.8448961026268937
5000128,1,1.8448961026268937
5000128,1,1.8449033487365898
5000128,1,1.8449033487365898
5000128,1,1.8449033487365898
5000128,1,1.8449033487365898
5000128,1,1.8449033487365898
5000128,1,1.8449033487365898
5000128,1,1.8449033487365898
5000128,1,1.8449033487365898
5000128,1,1.8449174903333212
5000128,1,1.8449174903333212
5000128,1,1.8449174903333212
5000128,1,1.8449174903333212
5000128,1,1.8449174903333212
5000128,1,1.8449174903333212
5000128,1,1.8449174903333212
5000128,1,1.8449174903333212
5000128,1,1.8449174903333212
5000128,1,1.8449174903333212
5000128,1,1.8449246330758107
5000128,1,1.8449246330758107
5000128,1,1.8449246330758107
5000128,1,1.8449246330758107
5000128,1,1.8449246330758107
5000128,1,1.8449246330758107
5000128,1,1.8449246330758107
5000128,1,1.8449246330758107
5000128,1,1.8449246330758107
5000128,1,1.8449246330758107
5000128,1,1.8449246330758107
5000128,1,1.8449246330758107
5000128,1,1.8449246330758107
5000021,1,1.845128737511944
5000021,1,1.845128737511944
5000021,1,1.845128737511944
5000021,1,1.845128737511944
5000021,1,1.845128737511944
5000021,1,1.845128737511944
5000021,1,1.845128737511944
5000021,1,1.845128737511944
5000021,1,1.8514130426113973
5000021,1,1.8514130426113973
5000021,1,1.8514130426113973
5000021,1,1.8514130426113973
5000021,1,1.8514130426113973
5000021,1,1.8514130426113973
5000021,1,1.8514130426113973
5000021,1,1.8514130426113973
5000021,1,1.8514130426113973
5000141,1,1.853151462110522
5000141,1,1.853151462110522
5000141,1,1.853151462110522
5000141,1,1.853151462110522
5000141,1,1.853151462110522
5000141,1,1.853151462110522
5000141,1,1.853151462110522
5000141,1,1.853151462110522
5000141,1,1.853151462110522
5000141,1,1.853151462110522
5000141,1,1.853151462110522
5000118,1,1.853754354781008
5000118,1,1.853754354781008
5000118,1,1.853754354781008
5000118,1,1.853754354781008
5000118,1,1.853754354781008
5000118,1,1.853754354781008
5000118,1,1.853754354781008
5000118,1,1.853754354781008
5000118,1,1.853754354781008
5000118,1,1.853754354781008
5000118,1,1.853754354781008
5000118,1,1.853754354781008
5000118,1,1.853754354781008
5000118,1,1.853754354781008
5000118,1,1.853754354781008
5000118,1,1.853754354781008
5000061,1,1.8548665408100342
5000061,1,1.8548665408100342
5000061,1,1.8548665408100342
5000061,1,1.8548665408100342
5000061,1,1.8548665408100342
5000061,1,1.8548665408100342
5000061,1,1.8548665408100342
5000061,1,1.8548665408100342
5000061,1,1.8548665408100342
5000061,1,1.8548665408100342
5000061,1,1.8548665408100342
5001000,1,1.8626284695088386
5001000,1,1.8626284695088386
5001000,1,1.8626284695088386
5001000,1,1.8626284695088386
5001000,1,1.8626284695088386
5001000,1,1.8626284695088386
5001000,1,1.8626284695088386
5001000,1,1.8626284695088386
5001000,1,1.8626284695088386
5001000,1,1.8626284695088386
5001000,1,1.8626284695088386
5001000,1,1.8626284695088386
5000143,1,1.863208244076879
5000043,1,1.8662034281436122
5000043,1,1.8662034281436122
5000043,1,1.8662034281436122
5000043,1,1.8662034281436122
5000043,1,1.8662034281436122
5000043,1,1.8662034281436122
5000043,1,1.8662034281436122
5000043,1,1.8662034281436122
5000043,1,1.8662034281436122
5000043,1,1.8662034281436122
5000043,1,1.8662034281436122
5000043,1,1.8662034281436122
5000043,1,1.8662034281436122
5000043,1,1.8662034281436122
5000018,1,1.8719271922071676
5000018,1,1.8719271922071676
5000018,1,1.8719271922071676
5000018,1,1.8719271922071676
5000018,1,1.8719271922071676
5000018,1,1.8719271922071676
5000018,1,1.8719271922071676
5000018,1,1.8719271922071676
5000018,1,1.8719271922071676
5000018,1,1.8719271922071676
5000018,1,1.8719271922071676
5000018,1,1.8719271922071676
5000018,1,1.8719271922071676
5000012,1,1.8735589305693516
5000012,1,1.8750924016663586
5000012,1,1.8783106491894332
5000000,1,1.8889608981279347
5000000,1,1.8889608981279347
5000000,1,1.8889608981279347
5000000,1,1.8889608981279347
5000000,1,1.8889608981279347
5000000,1,1.8889608981279347
5000000,1,1.8889608981279347
5000000,1,1.8889608981279347
5000049,1,1.9004943905266958
5000049,1,1.9004943905266958
5000049,1,1.9004943905266958
5000049,1,1.9013701747752387
5000049,1,1.9013701747752387
5000054,1,1.9186136973213335
5000004,1,1.930274835040117
5000004,1,1.930274835040117
5000004,1,1.930274835040117
5000004,1,1.930274835040117
5000004,1,1.930274835040117
5000004,1,1.930274835040117
5000004,1,1.930274835040117
5000049,1,1.9527704004804418
5000043,1,1.9676269728652067
5000043,1,1.9676269728652067
5000043,1,1.9676269728652067
5000043,1,1.9676269728652067
5000043,1,1.9676269728652067
5000043,1,1.9676269728652067
5000043,1,1.9676269728652067
5000043,1,1.9676269728652067
5000043,1,1.9676269728652067
5000043,1,1.9676269728652067
5000043,1,1.9676269728652067
5000043,1,1.9676269728652067
5000152,1,1.9892205208341578
5000152,1,1.9892205208341578
5000152,1,1.9892205208341578
5000027,1,2.0011217076600336
5000045,1,2.0375273218483825
5000061,1,2.050906197015563
5000061,1,2.050906197015563
5000061,1,2.050906197015563
5000061,1,2.050906197015563
5000061,1,2.050906197015563
5000061,1,2.050906197015563
5000061,1,2.050906197015563
5000061,1,2.050906197015563
5000055,1,2.1045904189938445
5000055,1,2.1045904189938445
5000055,1,2.1045904189938445
5000055,1,2.1045904189938445
5000055,1,2.1045904189938445
5000055,1,2.1045904189938445
5000055,1,2.1045904189938445
5000055,1,2.1045904189938445
5000029,1,2.115441361418533
5000029,1,2.115441361418533
5000029,1,2.115441361418533
5000029,1,2.115441361418533
5000029,1,2.115441361418533
5000029,1,2.115441361418533
5000029,1,2.115441361418533
5000046,1,2.1591062694726264
5000046,1,2.1591062694726264
5000054,1,2.182463964374857
5000054,1,2.183831810855123
5000054,1,2.183831810855123
5000054,1,2.183831810855123
5000054,1,2.183831810855123
5000054,1,2.183831810855123
5000054,1,2.183831810855123
5000054,1,2.183831810855123
5000054,1,2.183831810855123
5000054,1,2.183831810855123
5000054,1,2.183831810855123
5000054,1,2.183831810855123
5000054,1,2.183831810855123
5000054,1,2.183831810855123
5000054,1,2.183831810855123
5000054,1,2.183831810855123
5000054,1,2.183831810855123
5000054,1,2.183831810855123
5000054,1,2.183831810855123
5000054,1,2.183831810855123
5000043,1,2.184974923079628
5000054,1,2.1927394962961073
5000054,1,2.201150294180844
5000004,1,2.2204239540997683
5000056,1,2.221860538224369
5000056,1,2.221860538224369
5000056,1,2.221860538224369
5000056,1,2.221860538224369
5000056,1,2.221860538224369
5000056,1,2.221860538224369
5000056,1,2.221996081120238
5000056,1,2.221996081120238
5000056,1,2.221996081120238
5000056,1,2.221996081120238
5000056,1,2.221996081120238
5000056,1,2.221996081120238
5000056,1,2.221996081120238
5000056,1,2.221996081120238
5000056,1,2.221996081120238
5000021,1,2.225858565103022
5000021,1,2.225858565103022
5000029,1,2.2400356070819014
5000029,1,2.2400356070819014
5000029,1,2.2400356070819014
5000061,1,2.2486649094407207
5000056,1,2.2544601113474116
5000056,1,2.2544601113474116
5001082,1,2.2660702124946375
5001082,1,2.2660702124946375
5001082,1,2.2660702124946375
5000153,1,2.267170235994578
5000153,1,2.267170235994578
5000153,1,2.267170235994578
5000153,1,2.267170235994578
5000153,1,2.267170235994578
5000153,1,2.2671702360625736
5000153,1,2.2671702360625736
5000153,1,2.2671702360625736
5000153,1,2.2671702360625736
5000153,1,2.2671702360625736
5000153,1,2.2671702360625736
5000007,1,2.271116683348071
5000029,1,2.2722633900771894
5001082,1,2.27434896770723
5001082,1,2.27434896770723
5000046,1,2.2785443771462974
5000141,1,2.2811712790379386
5000141,1,2.281171284724628
5000141,1,2.281171284724628
5000140,1,2.2872698059567367
5000161,1,2.293828729650067
5000161,1,2.2938296338936666
5000161,1,2.2938296338936666
5000161,1,2.2938296338936666
5000161,1,2.2938296338936666
5000161,1,2.2938296338936666
5000161,1,2.2938296338936666
5000161,1,2.2938296338936666
5000161,1,2.2938296338936666
5000161,1,2.2938296338936666
5000161,1,2.2938296338936666
5000161,1,2.2938296338936666
5000161,1,2.2938296338936666
5000161,1,2.2938296338936666
5000161,1,2.2938296338936666
5000161,1,2.2938296338936666
5000161,1,2.2938296338936666
5000161,1,2.2938296338936666
5000161,1,2.2938296338936666
5000161,1,2.2938296338936666
5000161,1,2.293831335991357
5000161,1,2.2938330912229596
5000161,1,2.2938330912229596
5000161,1,2.2938330912229596
5000161,1,2.2938330912229596
5000161,1,2.2938330912229596
5000161,1,2.293835718879426
5000161,1,2.293835718879426
5000161,1,2.293835718879426
5000161,1,2.293835718879426
5000161,1,2.293835718879426
5000161,1,2.293835718879426
5000161,1,2.293835718879426
5000161,1,2.293836410353308
5000161,1,2.2938365524777513
5000161,1,2.29383669587875
5000161,1,2.293837059966173
5000161,1,2.293837059966173
5000161,1,2.293837059966173
5000161,1,2.293837059966173
5000161,1,2.293837059966173
5000161,1,2.293837059966173
5000161,1,2.293837059966173
5000161,1,2.293837059966173
5000161,1,2.293837059966173
5000161,1,2.293837059966173
5000161,1,2.293837059966173
5000161,1,2.293837059966173
5000161,1,2.293837118960562
5000161,1,2.2938371278273366
5000161,1,2.2938371278273366
5000161,1,2.2938371278273366
5000161,1,2.2938371278273366
5000161,1,2.2938371278273366
5000161,1,2.2938371278273366
5001082,1,2.3109077762494796
5001082,1,2.3109077762494796
5001082,1,2.3109077762494796
5001082,1,2.3109077762494796
5001082,1,2.3109077762494796
5001082,1,2.3109077762494796
5001082,1,2.3109077762494796
5001082,1,2.3109077762494796
5001082,1,2.3109077762494796
5001082,1,2.3109077762494796
5001082,1,2.3109077762494796
5001082,1,2.3109077762494796
5001082,1,2.3109077762494796
5001082,1,2.3109077762494796
5001082,1,2.3109077762494796
5001082,1,2.3109077762494796
5001082,1,2.3109077762494796
5001082,1,2.3109077762494796
5001082,1,2.3109077762494796
5001082,1,2.3109077762494796
5001082,1,2.3109077762494796
5001082,1,2.3109077762494796
5001082,1,2.3109077762494796
5001082,1,2.3109077762494796
5001082,1,2.3109077762494796
5001082,1,2.310907848845837
5001082,1,2.310907848845837
5001082,1,2.310907848845837
5001082,1,2.310907848845837
5001082,1,2.310907848845837
5001082,1,2.310907848845837
5001082,1,2.310907848845837
5001082,1,2.310907921758975
5001082,1,2.310907921758975
5001082,1,2.310907921758975
5001082,1,2.310907921758975
5001082,1,2.310907921758975
5001082,1,2.310907921758975
5001082,1,2.310907921758975
5001082,1,2.310907921758975
5001082,1,2.310907921758975
5001082,1,2.310907921758975
5001082,1,2.310907921758975
5001082,1,2.310907991794308
5000620,1,2.3299842010366447
5000620,1,2.3299842010366447
5000620,1,2.3299842010366447
5000620,1,2.3299842010366447
5000620,1,2.3299842010366447
5000620,1,2.3299885159183873
5000620,1,2.3299885159183873
5000620,1,2.3299891966631576
5000620,1,2.3299898361964444
5000620,1,2.3299898942754598
5000620,1,2.3299898998519484
5000620,1,2.3299898998519484
5000620,1,2.3299899071357233
5000620,1,2.330002790448599
5000013,1,2.3319680976505914
5000013,1,2.3319680976505914
5000013,1,2.3319680976505914
5000013,1,2.332007348237245
5000013,1,2.3321225406559822
5000013,1,2.3321225406559822
5000013,1,2.33212318091586
5000013,1,2.33212318091586
5000013,1,2.33212318091586
5000015,1,2.332220991063972
5000015,1,2.332220991063972
5000015,1,2.332220991063972
5000015,1,2.332220991063972
5000015,1,2.332220991063972
5000015,1,2.332220991063972
5000015,1,2.332220991063972
5000015,1,2.3324210830804537
5001182,1,2.333119765301698
5001182,1,2.333119765301698
5001182,1,2.3341922780287923
5001182,1,2.3341922780287923
5000046,1,2.3355224547507247
5001082,1,2.4013423588014584
5001082,1,2.4013423588014584
5001082,1,2.4013423588014584
5001082,1,2.4013423588014584
5001082,1,2.4013423588014584
5001082,1,2.4013423588014584
5001082,1,2.4013423588014584
5001082,1,2.4013423588014584
5001082,1,2.4013423588014584
5001082,1,2.4013423588014584
5001082,1,2.4013423588014584
5001082,1,2.4013423588014584
5000007,1,2.4281449277611866
5000007,1,2.4404844863307322
5000007,1,2.4414068740253327
5000007,1,2.4414068740253327
5000046,1,2.455491428919206
5000007,1,2.4604238131860052
5001082,1,2.4632256619160926
5000161,1,2.4683541796924273
5000161,1,2.4683541796924273
5000161,1,2.4683541796924273
5000161,1,2.4683541796924273
5000161,1,2.4683541796924273
5000161,1,2.4683541796924273
5001082,1,2.472364475499351
5001082,1,2.472364475499351
5001082,1,2.472364475499351
5001082,1,2.472364475499351
5001082,1,2.472364475499351
5001082,1,2.472364525854831
5001082,1,2.472364525854831
5001082,1,2.472364525854831
5001082,1,2.472364525854831
5001082,1,2.472364525854831
5000046,1,2.4784536994978676
5000007,1,2.483166129528906
5000161,1,2.5020027274992134
5000161,1,2.5020027274992134
5000161,1,2.5020027274992134
5000161,1,2.5020027274992134
5000161,1,2.5020027274992134
5000161,1,2.5020027274992134
5000161,1,2.5020027274992134
5000161,1,2.5020027274992134
5000161,1,2.5020027274992134
5000161,1,2.5020027274992134
5000161,1,2.5020027274992134
5000161,1,2.5020027274992134
5000161,1,2.5020027274992134
5000161,1,2.5020027274992134
5000161,1,2.5020027274992134
5000161,1,2.5020027274992134
5000161,1,2.5020027274992134
5000161,1,2.5020073796654074
5000161,1,2.5020073796654074
5000161,1,2.5020073796654074
5000161,1,2.5020073796654074
5000161,1,2.5020073796654074
5000161,1,2.5020073796654074
5000161,1,2.5020075099648733
5000161,1,2.5020075099648733
5000161,1,2.5020075099648733
5000161,1,2.5020075099648733
5000161,1,2.5020075099648733
5000161,1,2.5020075099648733
5000161,1,2.5020075099648733
5000161,1,2.5020077076084686
5000161,1,2.5020077076084686
5000161,1,2.5020077076084686
5000161,1,2.5020077076084686
5000161,1,2.5020077076084686
5000161,1,2.5020077076084686
5000161,1,2.5020077076084686
5000007,1,2.56868053054066
5000007,1,2.56868053054066
5000152,1,2.6078580192924847
5000152,1,2.6078580192924847
5000152,1,2.6078580192924847
5000152,1,2.6078580192924847
5000152,1,2.6078580192924847
5000152,1,2.6078580192924847
5000152,1,2.6078580192924847
5000152,1,2.6078580192924847
5000152,1,2.6078580192924847
5000152,1,2.6078580192924847
5000152,1,2.6078580192924847
5000152,1,2.6078580192924847
5000152,1,2.6078580192924847
5000000,1,2.6746553733711105
5000000,1,2.6746553733711105
5000000,1,2.6746553733711105
5000000,1,2.6746553733711105
5000000,1,2.6807418959364697
5000000,1,2.6807418959364697
5000000,1,2.6807418959364697
5000000,1,2.6807418959364697
5000000,1,2.6807418959364697
5000000,1,2.6807418959364697
5000000,1,2.6807454685726566
5000000,1,2.6807454685726566
5000000,1,2.6807454685726566
5000000,1,2.6807454685726566
5000000,1,2.6807454685726566
5000000,1,2.6807454685726566
5000000,1,2.6807454685726566
5000000,1,2.6807454685726566
5000000,1,2.6807454685726566
5000000,1,2.6807454685726566
5000000,1,2.6807454685726566
5000000,1,2.6807454685726566
5000000,1,2.6807454685726566
5000000,1,2.702292790169658
5000000,1,2.702292790169658
5000000,1,2.702292790169658
5000000,1,2.702292790169658
5000000,1,2.702292790169658
5000000,1,2.702292790169658
5000000,1,2.702292790169658
5000000,1,2.702292790169658
5000000,1,2.702292790169658
5000043,1,2.7133915424075905
5000043,1,2.7133915424075905
5000043,1,2.7133915424075905
5000043,1,2.7133915424075905
5000043,1,2.7133915424075905
5000000,1,2.72634577694946
5000000,1,2.72634577694946
5000000,1,2.72634577694946
5000000,1,2.72634577694946
5000000,1,2.72634577694946
5000000,1,2.72634577694946
5000000,1,2.72634577694946
5000054,1,2.736199495990131
5000054,1,2.736199495990131
5000054,1,2.736199495990131
5000000,1,2.7472672296629144
5000000,1,2.7472672296629144
5000000,1,2.7472672296629144
5000000,1,2.7472672296629144
5000000,1,2.7472672296629144
5000043,1,2.752789120816263
5000043,1,2.752789120816263
5000043,1,2.752789120816263
5000043,1,2.752789120816263
5000043,1,2.752789120816263
5000043,1,2.752789120816263
5000043,1,2.752789120816263
5000043,1,2.752789120816263
5000043,1,2.752789120816263
5000043,1,2.7527894620958557
5000043,1,2.7527894620958557
5000043,1,2.7527894620958557
5000043,1,2.7527894620958557
5000000,1,2.7550148693528502
5000000,1,2.7550148693528502
5000000,1,2.7550148693528502
5000000,1,2.7550148693528502
5000000,1,2.7550148693528502
5000000,1,2.7550148693528502
5000000,1,2.7550148693528502
5000000,1,2.7550148693528502
5000000,1,2.7550148693528502
5000000,1,2.7550148693528502
5000000,1,2.7550289760768454
5000000,1,2.7550289760768454
5000000,1,2.7550289760768454
5000000,1,2.7550289760768454
5000000,1,2.7556874837003824
5000000,1,2.7556874837003824
5000000,1,2.7556874837003824
5000000,1,2.7556874837003824
5000000,1,2.7556874837003824
5000000,1,2.757997752125387
5000000,1,2.757997752125387
5000000,1,2.757997752125387
5000000,1,2.757997752125387
5000000,1,2.757997752125387
5000000,1,2.757997752125387
5000054,1,2.761084551539523
5000054,1,2.761084551539523
5000054,1,2.761084551539523
5000054,1,2.761084551539523
5000054,1,2.761084551539523
5000054,1,2.761084551539523
5000000,1,2.764299034168634
5000000,1,2.764299034168634
5000000,1,2.764299034168634
5000000,1,2.764299034168634
5000000,1,2.764299034168634
5000000,1,2.764299034168634
5000000,1,2.764299034168634
5000000,1,2.764299034168634
5000000,1,2.764299034168634
5000053,1,2.76747628571958
5000053,1,2.76747628571958
5000053,1,2.7676941421797197
5000053,1,2.7676941421797197
5000053,1,2.7676941421797197
5000053,1,2.7676941421797197
5000053,1,2.7676941421797197
5000054,1,2.780911255185471
5000054,1,2.780911255185471
5000054,1,2.780911255185471
5000054,1,2.780911255185471
5000054,1,2.780911255185471
5000054,1,2.780911255185471
5000054,1,2.780911255185471
5000054,1,2.780911255185471
5000054,1,2.780911255185471
5000054,1,2.780911255185471
5000054,1,2.780911255185471
5000054,1,2.780911255185471
5000054,1,2.780911255185471
5000054,1,2.780911255185471
5000054,1,2.780911255185471
5000054,1,2.780911255185471
5000054,1,2.780911255185471
5000054,1,2.780911255185471
5000054,1,2.780911255185471
5000054,1,2.780911255185471
5000054,1,2.780911255185471
5000054,1,2.780911255185471
5000054,1,2.780911255185471
5000054,1,2.780911255185471
5000054,1,2.780911255185471
5000054,1,2.780911255185471
5000054,1,2.780911255185471
5000054,1,2.780911255185471
5000054,1,2.7809123698211153
5000054,1,2.7809123698211153
5000054,1,2.7809123698211153
5000054,1,2.7809123698211153
5000054,1,2.7809123698211153
5000054,1,2.7809123698211153
5000043,1,2.781435435761596
5000043,1,2.781435435761596
5000043,1,2.781435435761596
5000043,1,2.781435435761596
5000043,1,2.781435435761596
5000043,1,2.781435435761596
5000043,1,2.781435435761596
5000043,1,2.7814577156344473
5000043,1,2.7814577156344473
5000043,1,2.7814577156344473
5000043,1,2.7814577156344473
5000043,1,2.7814577156344473
5000043,1,2.7814577156344473
5000043,1,2.7814577156344473
5000001,1,2.7866505184979595
5000001,1,2.7866505184979595
5000001,1,2.7866505184979595
5000001,1,2.7866505184979595
5000001,1,2.7866505184979595
5000001,1,2.7866505184979595
5000001,1,2.7866505184979595
5000001,1,2.7866505184979595
5000001,1,2.7866505184979595
5000001,1,2.7866505184979595
5000001,1,2.7866505184979595
5000043,1,2.7868253273469126
5000043,1,2.7868253273469126
5000043,1,2.7868253273469126
5000043,1,2.7868253273469126
5000039,1,2.8005329097071776
5000039,1,2.8005329097071776
5000039,1,2.8005329097071776
5000039,1,2.8005329097071776
5000039,1,2.8005329097071776
5000039,1,2.8005329097071776
5000039,1,2.8005329097071776
5000004,1,2.8114503094170464
5000004,1,2.8114503094170464
5000004,1,2.8114503094170464
5000004,1,2.8114503094170464
5000056,1,2.815772671779258
5000056,1,2.815772671779258
5000056,1,2.815772671779258
5000056,1,2.815772671779258
5000056,1,2.815772671779258
5000056,1,2.815772671779258
5000056,1,2.815772671779258
5000056,1,2.815772671779258
5000056,1,2.815772671779258
5000056,1,2.815772671779258
5000053,1,2.8393275731934544
5000053,1,2.8393275731934544
5000053,1,2.8393275731934544
5000053,1,2.8393275731934544
5000053,1,2.8393275731934544
5000053,1,2.8420365575509967
5000053,1,2.8420365575509967
5000053,1,2.8420365575509967
5000053,1,2.8420365575509967
5000053,1,2.8420365575509967
5000053,1,2.8420365575509967
5000053,1,2.8420365575509967
5000053,1,2.8420365575509967
5000047,1,2.9041977256609153
5000047,1,2.9041977256609153
5000047,1,2.9041977256609153
5000047,1,2.9041977256609153
5000047,1,2.9041977256609153
5000047,1,2.9041977256609153
5000047,1,2.9041977256609153
5000047,1,2.9041977256609153
5000047,1,2.9041977256609153
5000047,1,2.9041977256609153
5000047,1,2.9041977256609153
5000047,1,2.9041977256609153
5000047,1,2.9041977256609153
5000047,1,2.9041977256609153
5000047,1,2.9041977256609153
5000047,1,2.9041977256609153
5000047,1,2.9041977256609153
5000047,1,2.9041977256609153
5000047,1,2.9041977256609153
5000047,1,2.9041977256609153
5000004,1,2.9602318092124844
5000004,1,2.9602318092124844
5000004,1,2.9602318092124844
5000004,1,2.9602318092124844
5000004,1,2.9602318092124844
5000046,1,2.96741615044605
5000046,1,2.96741615044605
5000046,1,2.96741615044605
5000046,1,2.96741615044605
5000046,1,2.96741615044605
5000046,1,2.96741615044605
5000046,1,2.96741615044605
5000046,1,2.96741615044605
5000046,1,2.96741615044605
5000046,1,2.96741615044605
5000046,1,2.96741615044605
5000046,1,2.96741615044605
5000046,1,2.96741615044605
5000046,1,2.96741615044605
5000046,1,2.96741615044605
5000007,1,3.0134327439974213
5000049,1,3.1105059245294635
5000007,1,3.255689872328089
5000007,1,3.255689872328089
5000007,1,3.255689872328089
5000007,1,3.255689872328089
5000007,1,3.255689872328089
5000007,1,3.255689872328089
5000007,1,3.255689872328089
5000007,1,3.255689872328089
5000007,1,3.255689872328089
5000007,1,3.255689872328089
5000007,1,3.255689872328089
5000007,1,3.255689872328089
5000007,1,3.255689872328089
5000007,1,3.255689872328089
5000007,1,3.4319425277882796
5000010,1,3.7696401351000937
5000010,1,3.7696401351000937
5000010,1,3.7696401351000937
5000010,1,3.7696401351000937
5000010,1,3.7696401351000937
5000010,1,3.7696401351000937
5000049,1,4.191284174629256
5000049,1,4.191284174629256
5000049,1,4.191284174629256
5000049,1,4.191284174629256
5000049,1,4.191284174629256
5000242,1,4.277542078482466
5000043,1,4.370461987760065
5000043,1,4.370461987760065
5000043,1,4.370461987760065
5000043,1,4.370461987760065
5000043,1,4.370461987760065
5000043,1,4.370461987760065
5000043,1,4.370461987760065
5000000,1,4.502973263361531
5000000,1,4.502973263361531
5000000,1,4.502973263361531
5000000,1,4.502973263361531
5000000,1,4.502973263361531
5000000,1,4.502973263361531
5000000,1,4.502973263361531
5000000,1,4.502973263361531
5000000,1,4.502973263361531
5000000,1,4.502973263361531
5000000,1,4.502973263361531
5000000,1,4.502973263361531
5000000,1,4.502973263361531
5000000,1,4.621977998595242
5000000,1,4.621977998595242
5000000,1,4.621977998595242
5000000,1,4.621977998595242
5000000,1,4.621977998595242
5000000,1,4.621977998595242
5000000,1,4.621977998595242
5000000,1,4.621977998595242
5000000,1,4.622209226824157
5000000,1,4.622209226824157
5000000,1,4.622209226824157
5000000,1,4.622209226824157
5000000,1,4.622209226824157
5000000,1,4.622209226824157
5000000,1,4.622209226824157
5000000,1,4.622209226824157
5000000,1,4.62225550418448
5000000,1,4.62225550418448
5000000,1,4.62225550418448
5000000,1,4.62225550418448
5000000,1,4.62225550418448
5000000,1,4.62225550418448
5000000,1,4.62225550418448
5000000,1,4.62225550418448
5000000,1,4.676317745695378
5000000,1,4.676317745695378
5000000,1,4.676317745695378
5000000,1,4.676317745695378
5000000,1,4.676317745695378
5000000,1,4.676317745695378
5000000,1,4.676317745695378
5000000,1,4.676317745695378
5000043,1,4.736691774543129
5000043,1,4.736691774543129
5000043,1,4.736691774543129
5000043,1,4.736691774543129
5000043,1,4.93215857551874
5000242,1,5.071102244180912
5000242,1,5.071102244180912
5000242,1,5.071102244180912
5000242,1,5.071102244180912
5000242,1,5.071102244180912
5000242,1,5.071102244180912
5000242,1,5.071102244180912
5000021,1,10.340730243697443
5000021,1,10.340730243697443
5000021,1,10.340730243697443
5000021,1,10.340730243697443
5000021,1,10.340730243697443
5000021,1,10.340730243697443
5000021,1,10.340730243697443
5000021,1,10.340730243697443
5000021,1,10.340730243697443
5000050,1,24.708320799864804
5000050,1,24.708320799864804
5000050,1,24.708320799864804
5000050,1,24.708320799864804
5000050,1,24.708320799864804
5000050,1,24.708320799864804
5000050,1,24.708320799864804
5000050,1,24.708320799864804
5000050,1,24.708320799864804
5000050,1,24.708320799864804
5000047,1,40.83053383607859
